{
  "train": {},
  "valid": {
    "component_accuracy": [
      1.0,
      1.0
    ],
    "component_precision": [
      1.0,
      1.0
    ],
    "component_recall": [
      1.0,
      1.0
    ],
    "component_f1": [
      1.0,
      1.0
    ],
    "component_confusion_matrix": [
      [
        [
          0,
          0
        ],
        [
          0,
          380
        ]
      ],
      [
        [
          0,
          0
        ],
        [
          0,
          380
        ]
      ]
    ],
    "ratio_r2": [
      1.0,
      1.0
    ],
    "ratio_mae": [
      0.0,
      0.0
    ],
    "ratio_mse": [
      0.0,
      0.0
    ],
    "ratio_rmse": [
      0.0,
      0.0
    ],
    "joint_accuracy": [
      1.0,
      1.0
    ],
    "bleu": [
      0.0,
      0.0
    ],
    "rouge_1": [
      0.0,
      0.0
    ],
    "rouge_2": [
      0.0,
      0.0
    ],
    "rouge_l": [
      0.0,
      0.0
    ],
    "overall_score": [
      0.75,
      0.75
    ],
    "train_loss": [
      2.8332135677337646,
      2.8332135677337646
    ],
    "valid_loss": [
      2.8332135677337646,
      2.8332135677337646
    ]
  }
}